Category	despansing unit 	Product Name	Generic / Active Ingredient
Antibiotics & Antimicrobials	strip	Acetazolamide 250mg  	Acetazolamide
	pk	Amoklavin  1gm 	Amoxicillin + Clavulanic Acid
	bottle 	Amoklavin BID 228mg/5ml 	Amoxicillin + Clavulanic Acid
	bottle 	Amoklavin  BID 457mg/5ml 	Amoxicillin + Clavulanic Acid
	sachet	AmoxiClav-Denk 1000/125mg	Amoxicillin + Clavulanic Acid
	strip	Amoxid  500mg 	Amoxicillin
	strip	Amoxi-Denk 500mg  	Amoxicillin
	strip	Amoxapen  500mg 	Amoxicillin
	strip	Ampi-500 500mg 	Ampicillin
	ampoule	Ampicillin  500mg IM/IV Inj of 50 Vials	Ampicillin Sodium
	strip	Amucap 500mg 	Amoxicillin
	bottle 	Azileb  200mg/5ml, 30ml	Azithromycin
	pk	Azitro  250mg 	Azithromycin
	pk	Azitro  500mg 	Azithromycin
	bottle 	Azopil  200mg/5ml, 30ml Oral Suspn	Azithromycin
	tube	Bacitracin-N Ointment	Bacitracin + Polymyxin B + Neomycin
	ampoule	Benzathine Benzylpenicillin Inj 2.4M IU of 10 Vial	Benzathine Benzylpenicillin
	bottle 	Brufex  125mg/5ml, 100ml Oral Suspn	Cefalexin
	strip	Cachmax  400mg  Tab	Cefixime
	pk	Cefaks   500mg Tab	Cefuroxime Axetil
	pk	Cefdia  400mg of 5 Tab	Cefixime
	bottle 	Cefix  100mg/5ml,60ml Suspn	Cefixime
	pk	Cefodox  100mg  	Cefpodoxime
	pk	Cefodox  200mg 	Cefpodoxime
	pk	Ciflosin  500mg 	Ciprofloxacin
	tube	Ciprocon  0.3%, 10ml Eye Drop	Ciprofloxacin
	pk	Cipro-Denk  500mg Tab	Ciprofloxacin
	ampoule	Ciprogyl  200mg/100ml IV Inj	Ciprofloxacin
	strip	Ciprofloxacin  500mg  	Ciprofloxacin
	strip	Cipropharm  500mg  	Ciprofloxacin
	pk	Cipro-Vir  500mg  	Ciprofloxacin
	pk	Claricide  500mg  	Clarithromycin
	strip	Clariscot  500mg  	Clarithromycin
	pk	Clarix  500mg  	Clarithromycin
	pk	Clavomid   625mg  	Amoxicillin + Clavulanic Acid
	pk	Cledomox  625mg  	Amoxicillin + Clavulanic Acid
	pk	Cledomox  1000mg of  	Amoxicillin + Clavulanic Acid
	bottle 	Cledomox  312.5mg/5ml, 100ml Oral Suspn	Amoxicillin + Clavulanic Acid
	ampoule	Clidacin  600mg/4ml Inj of 1 Amp	Clindamycin
	strip	Cloxacillin 500mg Tab (Epharm)	Cloxacillin
	strip	Cloxavid  250mg  Caps	Cloxacillin Sodium
	bottle 	Cloxavid  250mg/5ml, 100ml Oral Suspn	Cloxacillin Sodium
	strip	Cloxavid  500mg 	Cloxacillin Sodium
	strip	Cotrox  480mg 	Sulfamethoxazole + Trimethoprim
	pk	Curam   1gm of 14 Tab	Amoxicillin + Clavulanic Acid
	pk	Curam   625mg of 14 Tab	Amoxicillin + Clavulanic Acid
	bottle 	Curam   156.25mg/5ml,100ml Susp	Amoxicillin + Clavulanic Acid
	bottle 	Curam  228.5mg/5ml,100 ml Susp	Amoxicillin + Clavulanic Acid
	bottle 	Curam  457/5ml,100 ml Susp	Amoxicillin + Clavulanic Acid
	pk	Deklarit  500mg 	Clarithromycin
	ampoule	Desefin  1gm IM Inj	Ceftriaxone
	strip	Doxy-Denk  100mg 	Doxycycline
	strip	Doxylag   100mg 	Doxycycline
	strip	Doxyleb  100mg 	Doxycycline
	strip	Doxyzim  100mg 	Doxycycline
	strip	Eroycin  250mg 	Erythromycin
	tube	Foban  2.0%, 15gm Cream	Fusidic Acid
	tube	Foban  2.0%, 15gm Ointment	Sodium Fusidate
	tube	Fobancort  15gm Ointment	Sodium Fusidate + Betamethasone
	pk	Gaelimox  500mg  Caps	Amoxicillin
	tube	Gentocil  0.3%, 5ml Eye Drop	Gentamicin
	ampoule	Getxin   80mg/2ml inj  	Gentamicin Sulfate
	pk	Klamoks   1gm  Tabs	Amoxicillin + Clavulanic Acid
	bottle 	Klamoks   156mg/5ml Susp	Amoxicillin + Clavulanic Acid
	bottle 	Klamoks   228mg/5ml, 70ml Susp	Amoxicillin + Clavulanic Acid
	bottle 	Klamoks   312mg/5ml, 100ml Suspn	Amoxicillin + Clavulanic Acid
	bottle 	Klamoks   625mg  Tab	Amoxicillin + Clavulanic Acid
	bottle 	L-Trim  240mg/5ml, 100ml Paediatric Oral Suspn	Sulfamethoxazole + Trimethoprim
	strip	L-Trim  480mg  Tab	Sulfamethoxazole + Trimethoprim
	strip	Levo-Denk  500mg  Tab	Levofloxacin
	bottle 	Medimox-CV  156.25mg/5ml, 100ml Oral Suspn	Amoxicillin + Clavulanic Acid
	strip	Medomycin  100mg 	Doxycycline
	strip	Meiact  200mg  Tab	Cefditoren Pivoxil
	pk	Miraclin  100mg	Doxycycline
	bottle 	Moxiclav   375mg 	Amoxicillin + Clavulanic Acid
	bottle 	Moxiclav   457mg/5ml Suspn	Amoxicillin + Clavulanic Acid
	tube	Moxigen  0.5%, 5ml Eye Drop	Moxifloxacin
	bottle 	Moxipil   312.5mg/5ml, 100ml Oral Suspn	Amoxicillin + Clavulanic Acid
	pk	Nevotic  500mg of 7 Tabs	Levofloxacin
	bottle 	Novamentin   156.25mg/5ml, 100ml Suspn	Amoxicillin + Clavulanic Acid
	bottle 	Novamentin   228mg/5ml, 100ml Suspn	Amoxicillin + Clavulanic Acid
	bottle 	Novamentin   457mg/5ml, 100ml Suspn	Amoxicillin + Clavulanic Acid
	bottle 	Novamentin   312mg/5ml, 100ml Suspn	Amoxicillin + Clavulanic Acid
	pk	Novamentin   625mg of tab	Amoxicillin + Clavulanic Acid
	pk	Novamentin   1gm of tab	Amoxicillin + Clavulanic Acid
	tube	Opticin  0.3%, 5ml Optha. Soln	Ciprofloxacin
	strip	Q-Bact  500mg of 10 Tab	Ciprofloxacin
	strip	Quinox  500mg of 10 Tab	Ciprofloxacin
	strip	Remycin  100mg 10 Tab	Doxycycline
	pk	Rivamox  500mg of  Tab	Amoxicillin
	bottle 	Rivamox  125mg/5ml, 100ml suspn of  Tab	Amoxicillin
	bottle 	Rivamox  250mg/5ml, 100ml suspn of  Tab	Amoxicillin
	ampoule	Ronem (Meropenem) 1gm Inj	Meropenem
	bottle 	Scolexin  250mg/5ml, 100ml Suspn	Cephalexin
	bottle 	Scolexin  125mg/5ml, 100ml Suspn	Cephalexin
	strip	Scolexin  500mg  Tab	Cephalexin
	bottle 	Sefarin  125mg/5ml, 100ml Suspn	Cefdinir
	ampoule	Theopime  1gm IM/IV inj	Cefepime
	ampoule	Travilan  1gm IM inj	Ceftriaxone
	ampoule	Triaxone  1gm IM Inj	Ceftriaxone
	ampoule	Voxin  1gm/Vial inj	Vancomycin
	bottle 	Winex  100mg/5ml, 60ml Oral Suspn	Cefixime
	pk 	Winex  400mg of 5 tab 	Cefixime
	pk	Zimaks  400mg of 5 Tab	Cefixime
	strip	Zindolin  500mg  	Ciprofloxacin
	bottle 	Ziromin  200mg/5ml, 30ml Suspn	Azithromycin
	pk	Zithrotel  500mg of 3 Tab	Azithromycin
	tube	Zoxan  0.3%, 5ml Eye/Ear Drop	Ciprofloxacin
Cardiovascular & Blood Health	strip	Alcton  25mg 	Spironolactone
	strip	Adipin  10mg 	Amlodipine
	strip	Amlo-Denk  10mg 	Amlodipine
	strip	Amlo-Denk  5mg 	Amlodipine
	strip	Amlorine  10mg 	Amlodipine
	strip	Amlorine  5mg 	Amlodipine
	strip	Amlo-Vir  5mg of 	Amlodipine
	strip	Amva Denk  10mg/160mg of 14 tab 	Amlodipine + Valsartan
	strip	Amva Denk  5mg/160mg of 14 Tab	Amlodipine + Valsartan
	strip	Amvasc  10mg 	Amlodipine
	strip	Amvasc  5mg 	Amlodipine
	strip	Atenoscot  100mg 	Atenolol
	strip	Ateroz  80mg 	Atorvastatin
	strip	Ateroz  20mg 	Atorvastatin
	strip	Atrova  20mg 	Atorvastatin
	strip	Auroliza-H  of 	Lisinopril + Hydrochlorothiazide
	strip	Betablok SDK  25mg 	Metoprolol Succinate
	strip	Betablok SDK   50mg 	Metoprolol Succinate
	strip	Betaloc Zok  50mg of 	Metoprolol Succinate
	strip	Biscor  10mg 	Bisoprolol
	strip	Clopi-Denk  75mg of 	Clopidogrel
	strip	Clorzid  25mg  	Hydrochlorothiazide
	strip	Co-Aprovel  150/12.5mg 	Irbesartan + Hydrochlorothiazide
	strip	Co-Aprovel  300/12.5mg 	Irbesartan + Hydrochlorothiazide
	strip	Combisar  10/160mg 	Amlodipine + Valsartan
	strip	Conceap  2.5mg 	Bisoprolol Fumarate
	strip	Conceap   5mg 	Bisoprolol Fumarate
	strip	Converium  150mg 	Irbesartan
	strip	Converium Plus  150/12.5mg 	Irbesartan + Hydrochlorothiazide
	strip	Converium Plus  300/12.5mg 	Irbesartan + Hydrochlorothiazide
	strip	Coronis  25mg 	Carvedilol
	strip	Coronis  12.5mg 	Carvedilol
	strip	Coronis  6.25mg 	Carvedilol
	strip	Co-Tabuvan  160/12.5mg 	Valsartan + Hydrochlorothiazide
	strip	Crestor  10mg 	Rosuvastatin
	strip	Crestor  5mg 	Rosuvastatin
	strip	Dapril  10mg 	Lisinopril
	strip	Dapril  20mg 	Lisinopril
	strip	Dapril  5mg 	Lisinopril
	strip	Depin E  Retard 20mg 	Nifedipine
	strip	Diloxol  75mg 	Clopidogrel
	strip	Edisprin-81  81mg 	Aspirin
	strip	Encobloc  40mg 	Propranolol
	strip	Envas  10mg 	Enalapril
	strip	Envas  5mg 	Enalapril
	strip	Espirin  81mg 	Aspirin
	strip	Furo-Denk  40mg 	Furosemide
	strip	Fusix  40mg 	Furosemide
	strip	Gelabex  50mg  	Sacubitril + Valsartan
	strip	Gelabex  100mg  	Sacubitril + Valsartan
	strip	Gelabex  200mg 	Sacubitril + Valsartan
	strip	Koclet   600mg 	Potassium Chloride
	strip	Korandil   10mg 	Enalapril Maleate
	strip	Korandil   5mg of  	Enalapril Maleate
	strip	Lactone  25mg	Spironolactone
	strip	Ldnil  10mg   	Rosuvastatin
	ampoule	Lordin  inj 40mg/Vial	Omeprazole
	strip	Lorvast  40mg   	Atorvastatin
	strip	Losa   50mg   	Losartan Potassium
	strip	LosaH   50mg/12.5mg of  	Losartan Potassium + Hydrochlorothiazide
	strip	Losar-Denk  50mg 	Losartan Potassium
	strip	Losar-Denk  100mg 	Losartan Potassium
	bottle 	Losecor  100ml Syrup	Lactulose
	strip	Lotense  10mg 	Amlodipine
	strip	Lotevan  5/160mg  	Amlodipine + Valsartan
	strip	Lotevan  10/160mg 	Amlodipine + Valsartan
	strip	Lozeap  50mg 	Losartan Potassium
	strip	Nebilet  5mg 	Nebivolol
	strip	Nebilet Plus  5/12.5mg 	Nebivolol + Hydrochlorothiazide
	strip	Nicardia Retard  20mg 	Nifedipine
	strip	Nifedi-Denk  10mg Retard  	Nifedipine
	strip	Phlebodia  600mg  	Diosmin
	strip	Pixab  2.5mg 	Apixaban
	strip	Pixab  5mg 	Apixaban
	strip	Plavido  75mg 	Clopidogrel
	strip	RosuNor  10mg 	Rosuvastatin
	strip	RosuNor  20mg 	Rosuvastatin
	strip	RosuNor  5mg 	Rosuvastatin
	strip	Rosutrox  10mg 	Rosuvastatin
	strip	Rosutrox  20mg 	Rosuvastatin
	strip	Rosutrox  5mg 	Rosuvastatin
	strip	Roxaban-Denk  10mg 	Rivaroxaban
	strip	Roxaban-Denk  15mg  	Rivaroxaban
	strip	Roxaban-Denk  20mg 	Rivaroxaban
	strip	Roxpinn  20mg 	Rivaroxaban
	strip	Simva-Denk  40mg  	Simvastatin
	strip	Scolip  40mg 	Atorvastatin
	strip	Uperio  100mg 	Sacubitril + Valsartan
	strip	Uperio  200mg 	Sacubitril + Valsartan
	strip	Uractonum  25mg 	Spironolactone
	strip	Valcodin  10mg/160mg  	Amlodipine + Valsartan
	strip	Valcodin  5mg/160mg 	Amlodipine + Valsartan
	strip	Valnor Combi  10/160 	Amlodipine + Valsartan
	strip	Valnor Combi  5/160  	Amlodipine + Valsartan
	strip	Varoxa  15mg  	Rivaroxaban
	strip	    (Warfarin-SSP) 5mg	Warfarin Sodium
	strip	Xarelto  10mg 	Rivaroxaban
	strip	Xarelto  15mg 	Rivaroxaban
	strip	Xarelto  20mg 	Rivaroxaban
Diabetes & Endocrine Care	strip	Anti-Thyrox  5mg 	Carbimazole
	strip	Clamide  5mg 	Glibenclamide
	strip	Euglim  2mg 	Glimepiride
	strip	Flozip-10  10mg 	Dapagliflozin
	strip	Flozip-M  of   	Dapagliflozin + Metformin
	strip	Formentin     500mg         	Metformin
	strip	Galvus Met   	Vildagliptin + Metformin
	strip	Gleap  4mg 	Glimepiride
	strip	   Gliben-SSP 5mg	Glibenclamide
	strip	Glifor   1g 	Metformin HCL
	strip	Glifor   850mg   	Metformin HCL
	strip	Glimepiride-Denk 2mg 	Glimepiride
	strip	Glimepiride-Denk 3mg 	Glimepiride
	strip	Glitisol  5mg  10 Tab	Glibenclamide
	strip	Glucophage  500mg 	Metformin
	strip	Glucophage XR  1000mg  	Metformin
	strip	Glyformin  500mg 	Metformin
	strip	Jusline R  100u/ml Inj	Regular Insulin
	pis	Lantus Solostar 100IU/3ml Insulin Glargine	Insulin Glargine
	strip	Metformin-Denk  1000mg 	Metformin
	strip	Metformin-Denk  500mg 	Metformin
	strip	Metformin-Denk  850mg 	Metformin
	strip	Methyldopa 250mg 	Methyldopa
	strip	Propylthioutacil 100 mg 100*1 (Ptu Ssp)	Propylthiouracil
	strip	PTU  100mg of 100 	Propylthiouracil
	strip	Macleods 300mg	Tenofovir Disoproxil Fumarate
	strip	Thyrox  100Mcg  	Levothyroxine Sodium
	strip	Vildabet Met 50/1000mg  of 60 	Vildagliptin + Metformin
	strip	Viltimet 	Vildagliptin + Metformin
	strip	Zirteva  10mg 	Dapagliflozin
Pain Relief & Anti-Inflammatories	tube	Adiflam  30gm Gel	Diclofenac
	strip	Adiflam 50mg  	Diclofenac
	tube	Almiral   1%, 50gm Gel	Diclofenac Sodium
	suppository	Almiral   100mg of 5 Supp	Diclofenac Sodium
	strip	Almiral   50mg  	Diclofenac Sodium
	strip	Anaflam  400mg  	Ibuprofen
	strip	Aspicam  15mg	Meloxicam
	strip	Aspirem  75mg  	Aspirin
	bottle 	Cetal  120mg/5ml, 60ml Syrup	Paracetamol
	strip	Dicloc-K   50mg 	Diclofenac Potassium
	suppository	Diclo-Denk  100mg Rectal 	Diclofenac
	strip	Diclo-Denk  100mg Retard of  	Diclofenac
	strip	Diclo-Denk  50mg 	Diclofenac
	tube	Diclofenac 15gm Gel (India)	Diclofenac
	suppository	Diclosafe   100mg 	Diclofenac Sodium
	strip	Dologan-Denk  	Paracetamol + Ibuprofen + Caffeine
	strip	Dispercam  20mg 	Piroxicam
	strip	Divido  75mg 	Diclofenac
	strip	Etricox  60mg  	Etoricoxib
	strip	Etricox  90mg  	Etoricoxib
	strip	Fortine  100mg  	Flurbiprofen
	strip	Gesic-P   400/325mg  	Ibuprofen + Paracetamol
	strip	Gofen  200mg  	Ibuprofen
	strip	Gofen  400mg 	Ibuprofen
	bottle 	Ibucold Plus Syrup	Ibuprofen + Pseudoephedrine + Chlorpheniramine
	bottle 	Ibufen  100mg/5ml, 100ml Syrup (Child)	Ibuprofen
	bottle 	Ibupac  100mg/5ml, 100ml Oral Suspn	Ibuprofen
	bottle 	IbuPlus Syrup	Ibuprofen + Paracetamol
	strip	IbuPlus tab	Ibuprofen + Paracetamol
	strip	Ibuprofen-Denk  400mg  	Ibuprofen
	strip	Idmexin  25mg  Tab	Indomethacin
	ampoule	Inolol  75mg/3ml Inj 	Diclofenac Sodium
	tube	Ketavel  1.25%, 60gm Gel	Dexketoprofen
	ampoule	Ketesse  50mg/2ml Inj of 5 Amp	Dexketoprofen
	tube	Lofen (Diclofenac) 30g Gel	Diclofenac
	strip	Melocam  15mg  Tab	Meloxicam
	strip	Milprofen  400mg 	Ibuprofen
	suppository	Mobitil  15mg 	Meloxicam
	strip	Naproff  550mg  	Naproxen
	strip	Nafan   50mg  	Diclofenac Sodium
	strip	Ontadex  50mg 	Tramadol
	strip	Paingo  500mg 	Paracetamol
	strip	Panadol Advance  500mg 	Paracetamol
	suppository	Para-Denk  125mg  	Paracetamol
	suppository	Para-Denk  250mg 	Paracetamol
	strip	Paracetamol 500mg of Tab (Epharm)	Paracetamol
	strip	PoldanMIG  	Paracetamol + Acetylsalicylic Acid + Caffeine
	suppository	Poro  125mg 	Paracetamol
	bottle 	Poro  250mg/5ml, 60ml Child Suspn	Paracetamol
	strip	Rapidus   50mg 	Diclofenac Potassium
	strip	Regunac  50mg 	Diclofenac
	strip	Relaxo   Tab	Diclofenac
	tube	Relaxo  Eye Drop	Diclofenac
	tube	Relaxo  Gel 	Diclofenac
	suppository	Rothacin  100mg of  Supp	Indomethacin
	tube	Rubigel   30gm Gel	Diclofenac Diethylammonium
	tube	Tabiflex-cool   1%, 50gm Gel	Diclofenac Diethylamine
	ampoule	Tabiflex   75mg/3ml IM/IV Inj	Diclofenac Sodium
	ampoule	Tolax  100mg/2ml inj of 10 Amp	Tramadol
	effervescent	Tramadol-Denk 50mg of 10 Eff 	Tramadol
	strip	Trap   	Tramadol + Paracetamol
	sachet	Vigafen  80mg  Sachet	Ketoprofen
	strip	Voldic K   50mg 	Diclofenac Potassium
	tube	Voltaren  1%, 50gm Gel	Diclofenac
	suppository	Voren Suppository 100mg	Diclofenac
Respiratory & Allergy	bottle 	A-ferin Plus Paediatric Syrup 100ml	Paracetamol + Chlorpheniramine + Phenylephrine
	strip	Airfast  10mg  	Montelukast
	strip	Allerban  10mg  	Loratadine
	strip	Alrinast  5mg	Desloratadine
	bottle 	Asist  100ml Ped. Syrup	Acetylcysteine
	puff	Azmasol   Inhaler 100Mcg	Salbutamol Sulphate
	bottle 	Bertantin Cough Syrup	Diphenhydramine + Ammonium Chloride
	bottle 	Broccoff Cough Syrup	Bronchodilator + Mucolytic
	bottle 	Bronchopro   15mg/5ml, 100ml Syrup	Ambroxol Hydrochloride
	bottle 	Cipium  2mg/5ml, 100ml Syrup	Chlorpheniramine
	strip	Claritine  10mg 	Loratadine
	bottle 	Clarityne  5mg/5ml, 100ml Syrup	Loratadine
	strip	Deslora-Denk  5mg 	Desloratadine
	bottle 	Deslorat  2.5mg/5ml, 100ml Syrup	Desloratadine
	bottle 	Dexglo  15mg/5ml, 100ml Syrup	Dextromethorphan
	bottle 	Eascof-D  100ml Syrup (Suger Free)	Dextromethorphan
	bottle 	Eascof-DM  15mg/5ml, 100ml Syrup	Dextromethorphan
	bottle 	Emph-X  2mg/5ml, 100ml Syrup	Chlorphenamine
	strip	Ephasol  5mg  	Prednisolone
	bottle 	Esiresp GT Syrup	Ambroxol + Guaifenesin + Terbutaline
	bottle 	Exedex  15mg/5ml, 125ml Syrup	Dextromethorphan
	pis	Flixisone   Nasal Spray	Fluticasone Furoate
	bottle 	Gusup  100mg/5ml, 100ml Syrup	Guaifenesin
	strip	Ilaxten  20mg 	Bilastine
	bottle 	Ivy-Calm Cough Syrup	Ivy Leaf Extract
	bottle 	Lorid  1mg/ml, 60ml Syrup	Loratadine
	strip	L-Trizyn  5mg  	Levocetirizine
	bottle 	Medofed Compound Syrup	Ephedrine + Guaifenesin + Chlorpheniramine
	bottle 	Mentex Cough Syrup	Diphenhydramine + Dextromethorphan + Pseudoephedrine
	bottle 	Mucosol  250mg/5ml, 120ml Adult Syrup	Carbocisteine
	bottle 	Piriton Expectorant Syrup	Chlorpheniramine + Ammonium Chloride
	bottle 	Prozine  6.25mg/5ml, 100ml Oral Soln	Promethazine
	strip	Remidine  10mg  	Loratadine
	pis	Respiro Inhaler	Salmeterol + Fluticasone Propionate
	puff	Salbutol  Inhaler of 200 Dose	Salbutamol
	bottle 	Sekrol  15mg/5ml,150ml Ped Syrup	Ambroxol
	tube	Skytrivin Nasal Drops	Xylometazoline
	bottle 	Tidilor  5mg/5ml, 100ml Syrup	Loratadine
	strip	Tidilor  10mg 	Loratadine
	bottle 	Yoxsen  2mg/5ml, 100ml Syrup (Sugar Free)	Salbutamol
Gastrointestinal Health	strip	Biscoflex  5mg 	Bisacodyl
	bottle 	Coliza  40mg/ml, 15ml Oral Drops	Simethicone
	strip	Corasil Chewable 	Magnesium Trisilicate + Aluminium Hydroxide
	strip	Dolintol  20mg 	Omeprazole
	ampoule	Eselan  40mg IV inj	Omeprazole
	bottle 	Lactulose Syrup	Lactulose
	strip	Laxin  10mg 	Bisacodyl
	strip	Lax-Tab  5mg 	Bisacodyl
	bottle 	Moxalplus Susp	Antacid + Simethicone
	strip	Nexap  40mg 	Esomeprazole
	bottle 	No Gas  Drops 	Simethicone
	strip	No Gas 	Simethicone
	strip	Olit  20mg 	   
	ampoule	Omenor  40mg IV Inj With Wfi	Omeprazole
	ampoule	(Cspc)Omeprazole Sodium 40mg IV Inj 	Omeprazole Sodium
	strip	Omescot  20mg 	Omeprazole
	strip	Omiz Plus  Caps	Omeprazole + Sodium Bicarbonate
	strip	Opton  20mg 	Esomeprazole
	strip	Opton  40mg 	Esomeprazole
	strip	Pandev  20mg   	Pantoprazole
	strip	Panocer  40mg 	Pantoprazole
	strip	Panto-Denk  20mg  	Pantoprazole
	strip	Panto-Denk 40mg 	Pantoprazole
	strip	Pantoloc  40mg  	Pantoprazole
	bottle 	Prokinin  5mg/5ml, 180ml Oral Suspn	Domperidone
	strip	Pumpinox  40mg  	Esomeprazole
	strip	Regulix  40mg 	Drotaverine Hydrochloride
	bottle 	Relcer Gel	Aluminium Hydroxide + Magnesium Hydroxide + Simethicone
	strip	Risek  20mg 	Omeprazole
	ampoule	Stomam   Inj	Metoclopramide
	bottle 	Stomam  Susp	Metoclopramide
	tin	Topraz  20mg 	Pantoprazole
	tin	Topraz  40mg 	Pantoprazole
	tin	Toprazole  20mg of 15	Pantoprazole
	tin	Toprazole  40mg of 15 	Pantoprazole
	tin	Toprazole  40mg of 30 	Pantoprazole
	tin	Ulcer-X  40mg 	Pantoprazole
	strip	Ulsepan  40mg 	Pantoprazole
	strip	Vesilac 	Bisacodyl
	bottle 	Visco Tab & Liquid	Antacid + Anti-Reflux + Simethicone
	tube	Acretin 30g Cream	Tretinoin
	tube	Akorticone  15gm Cream	Hydrocortisone Acetate
	tube	Azonit-D Cream	Isoconazole Nitrate + Diflucortolone Valerate
	tube	Beprogel Scalp Soln	Betamethasone Dipropionate
	tube	Betacylic  15gm Ointment	Betamethasone
	tube	Betaleb  15gm Cream	Betamethasone
	tube	Betaleb-N Cream	Betamethasone + Neomycin Sulphate
	tube	B-Mycin Cream	Betamethasone Dipropionate + Gentamicin Sulphate
	bottle 	Cala-My Lotion	Calamine + Zinc Oxide
	tube	Candiplas H Cream	Miconazole Nitrate + Hydrocortisone
	tube	Caplofen Therma Gel	Diclofenac Diethylamine + Methylsalicylate + Menthol
	tube	Cloderm  15gm Ointment	Clobetasol Propionate
	tube	Cloderm 15gm Cream	Clobetasole Propionte 0.05%
	tube	Cloderm Scalp Appln	Clobetasol Propionate
	tube	Clotri-Denk  cream	Clotrimazole 
Antibiotics & Antimicrobials	strip	Amoxicillin 500mg	Amoxicillin
Respiratory & Allergy	strip	ACETYL PED 100ML	ACETYL CYSTEINE syrup
Antibiotics & Antimicrobials	strip	acyclovir 400mg tablets	acyclovir 400mg tablets
Antibiotics & Antimicrobials	tube	ACICLOVIR CREAM 5% 15GM	ACICLOVIR CREAM 5% 15GM
Antibiotics & Antimicrobials	strip	acyclovir 200mg	acyclovir 200mg
Antibiotics & Antimicrobials	tube	ACICLOVIR DENIK 200MG	acyclovir 200mg
Dermatology & Skin Care	tube	T3 Ada gel 25gm	Adapalene 0.1%
Other	bottle	Albendazole Susp. 20ml	Albendazole Susp. 20ml
Other	bottle	Albonda susp	Albendazole Susp. 30ml
Other	bottle	Albenda Susp 30ml	Albendazole Susp. 30ml
Other	tablets	Albendazole tablets 400mg	albendazole tablets 400mg
Cardiovascular & Blood Health	strip	UNIBAT XL 10MG	ALFUZOSIN 10MG
Cardiovascular & Blood Health	strip	Xylopim 100mg	Allopurinol 100mg tab
Gastrointestinal Health	bottle	Antagil	alum+mag+sim gel 2000ml sus
Gastrointestinal Health	bottle	Maalox Plus Suspn	Aluminium Hydroxide + Magnesium Hydroxide + Simethicone
Gastrointestinal Health	bottle	Relcer Gel 180M	Aluminium Hydroxide + Magnesium Hydroxide + Simethicone
Respiratory & Allergy	bottle	BRONCHOPHANE 125ML	AMBROXOL ICL 15MG/5ML
Respiratory & Allergy	bottle	BRONCHOPHANE 250ML/5ML 100ML SYRUP	AMBROXOL ICL 15MG/5ML
Respiratory & Allergy	bottle	MEDOVENT 15MG/5ML 150ML SYRUP	AMBROXOL HYDROCHLORIDE 15MG/5ML 150ML
Pain Relief & Anti-Inflammatories	strip	amitriptyline 25mg	amitriptyline 25mg
Cardiovascular & Blood Health	strip	Amlodipine 5mg	Amlodipine 5mg
Cardiovascular & Blood Health	strip	Lotvan 10/160	Amlodipine/Valsartan 10/160
Cardiovascular & Blood Health	strip	Lotvan 5/160	Amlodipine/Valsartan 5/160
Antibiotics & Antimicrobials	bottle	AMOKLAVIN BID 228MG/5ML SUP	amoxicillin+clavulanic acid
Antibiotics & Antimicrobials	bottle	AMOKLAVIN BID 457MG/5ML SUP	amoxicillin+clavulanic acid
Antibiotics & Antimicrobials	pk	Amox-Clav 625 (Novamentin)	amoxicillin+clavulanic acid
Antibiotics & Antimicrobials	bottle	amoxicillin clavulanic acid156mg/5ml suspn 100ml	amoxicillin+clavulanic acid
Antibiotics & Antimicrobials	bottle	amoxicillin clavulanic acid/457mg/5ml 70ml suspn	amoxicillin+clavulanic acid
Antibiotics & Antimicrobials	bottle	amoxicillin+clavulanic acid 312.5mg/5ml	amoxicillin+clavulanic acid
Antibiotics & Antimicrobials	pk	amoxicillin+clavulanic acid / 1G Of 14	amoxicillin+clavulanic acid
Antibiotics & Antimicrobials	pk	MOXICLAV 625 TABLETS	amoxicillin+clavulanic acid
Antibiotics & Antimicrobials	bottle	amoxicillinclavulanicacid156.25mg/5ml 100ml suspn	amoxicillin+clavulanic acid
Antibiotics & Antimicrobials	bottle	AUGMENTIN 125MG/5ML suspn	amoxicillin 125mg/5ml suspn
Antibiotics & Antimicrobials	bottle	LARGOPEN 125MG 5ML SUS 100ML	AMOXACILLIN 125MG/5ML SUS 100ML
Antibiotics & Antimicrobials	bottle	LARGOPEN 250MG	AMOXACILLIN 250MG/5ML SUS
Antibiotics & Antimicrobials	strip	AMOXICILLIN 250MG/5ml suspn	AMOXACILLIN 250MG/5ml suspn
Antibiotics & Antimicrobials	strip	AMOXICILLIN 500MG-CAP	AMOXACILLIN 500MG-CAP
Antibiotics & Antimicrobials	bottle	amoxicillin 125mg/5ml suspn	amoxicillin 125mg/5ml suspn
Antibiotics & Antimicrobials	bottle	Amoxicillin 500mg/5ml suspn	Amoxicillin 500mg/5ml
Antibiotics & Antimicrobials	strip	Amoxicillin 500mg Caps	Amoxicillin 500mg Caps
Antibiotics & Antimicrobials	pk	rivamox 500mg of Tab	Amoxicillin
Antibiotics & Antimicrobials	bottle	AMOXICILLIN 250MG/5ML SUSP	AMOXACILLIN 250MG/5ML SUSP
Antibiotics & Antimicrobials	strip	Ampoxen 500mg	Amoxicillin 500mg
Antibiotics & Antimicrobials	strip	Amoxicillin/Clavulanic acid 125/5ml	Amoxicillin/Clavulanic acid 125/5ml suspn
Gastrointestinal Health	bottle	Peptiche Gel 200M	Antacid Antiflatulant
Cardiovascular & Blood Health	strip	ATEROZ 40mg	Atorvastatin 40mg
Cardiovascular & Blood Health	strip	ATEROZ 10mg	Atorvastatin 10mg
Cardiovascular & Blood Health	strip	ATEROZ 80mg	Atorvastatin 80mg
Cardiovascular & Blood Health	strip	ATEROZ 20mg	Atorvastatin 20mg
Cardiovascular & Blood Health	strip	Atrova 40mg	Atorvastatin 40mg
Antibiotics & Antimicrobials	strip	Zithromax 500mg of 3 Tab	Azithromycin
Antibiotics & Antimicrobials	bottle	Azithromycin (Oral Liquid) 200 mg/5ml Susp	Azithromycin (Oral Liquid) 200 mg/5ml Susp
Antibiotics & Antimicrobials	pk	azitro 250mg	Azithromycin 250mg of 3 tab
Antibiotics & Antimicrobials	pk	AZITHROMYCIN 500mg tab of 3	AZITHROMYCIN 500mg tab of 3
Antibiotics & Antimicrobials	bottle	Azithromycin Suspn 30ml	Azithromycin Suspn 30ml
Antibiotics & Antimicrobials	bottle	Azithromycin Suspn 15ml	Azithromycin Suspn 15ml
Antibiotics & Antimicrobials	bottle	AZITRO 200MG/5ML	AZITHROMYCIN 200MG/5ML
Antibiotics & Antimicrobials	bottle	AZITRO 200MG/5ML 15ml	AZITHROMYCIN 200MG/5ML, 15ml
Antibiotics & Antimicrobials	bottle	AZITRO 200MG/5ML 30ml	AZITHROMYCIN 200MG/5ML, 30ml
Antibiotics & Antimicrobials	bottle	AZITRO 200MG/5ML 50ml	AZITHROMYCIN 200MG/5ML, 50ml
Antibiotics & Antimicrobials	strip	azbo 30ml	AZITHROMYCIN 200MG/5ML, 300ml
Antibiotics & Antimicrobials	strip	Bactroban Ointment	Bacitracin Ointment
Respiratory & Allergy	tube	Beclojet Inhaler	Beclometasone Dipropionate Inhaler
Respiratory & Allergy	tube	RINODEX 125MCG 30ML NASAL SPRAY	BECLOMETHASONE DIPROPIONATE
Dermatology & Skin Care	tube	benzyl benzoate lotion	benzyl benzoate lotion
Dermatology & Skin Care	tube	Betaderm cream	betamethasone0.05% cream
Dermatology & Skin Care	tube	BETADERM CREAM 15GM	betamethasone0.05% cream
Dermatology & Skin Care	tube	Betaderm Cream 15gm	betamethasone0.05% cream
Dermatology & Skin Care	tube	Bepongel Scalp Soln	Betamethasone Dipropionate
Dermatology & Skin Care	tube	Dermocort Cream 0.05	Betamethasone Dipropionate0.05%
Antibiotics & Antimicrobials	strip	Bilaxten 20mg	Bilastine
Antibiotics & Antimicrobials	strip	Bilaxten 5mg	Bilastine
Gastrointestinal Health	suppository	Bisacodyl Suppository 10mg	Bisacodyl Suppository 10mg
Gastrointestinal Health	suppository	Bisacodyl Suppository 5mg	Bisacodyl Suppository 5mg
Gastrointestinal Health	strip	Bisacodyl Tablet 10mg	Bisacodyl Tablet 10mg
Gastrointestinal Health	strip	Bisacodyl Tablet 5mg	Bisacodyl Tablet 5mg
Respiratory & Allergy	bottle	Rufagin 7.5% 200ml Syrup	Butamirate Citrate
Dermatology & Skin Care	bottle	calamine lotion	Calamine/Zinc oxide (Topical) Lotion
Other	pk	CALCIUM-DENIK OF 20	CALCIUM 1G + VIT D3
Other	strip	Termil-D	Calcium Carbonate+Magnesium Carbonate+Antacid Capsule
Other	strip	Termil- Peppermint	Calcium Carbonate+Magnesium Carbonate+Antacid Capsule
Other	strip	Ideos Chewable	Calcium500mg, Vitamin D3 400IU
Cardiovascular & Blood Health	strip	Coronis 25mg Tab	Carvedilol 25mg
Cardiovascular & Blood Health	strip	Coronis 12.5mg Tab	Carvedilol 12.5mg
Cardiovascular & Blood Health	strip	Coronis 6.25mg Tab	Carvedilol 6.25mg
Other	bottle	Castor oil 60ml	Castor oil 60ml
Antibiotics & Antimicrobials	pk	CEFIXIME 400MG 5CAPS	CEFIXIME 400mg tab
Antibiotics & Antimicrobials	bottle	CEFIXIME FOR ORALSUSP100MG/5ML of 100ml	CEFIXIME FOR ORAL SUSP 100MG/5ML 100ml
Antibiotics & Antimicrobials	bottle	CEFIXIME 100MG/5ML 60ml	CEFIXIME FOR ORAL SUSP 100MG/5ML 60ml
Antibiotics & Antimicrobials	bottle	ceFixime 100mg/5ml oral suspn	CEFIXIME FOR ORAL SUSP 100MG/5ML 60ml
Antibiotics & Antimicrobials	bottle	zeftir 100MG/5ML 60ml	CEFIXIME FOR ORAL SUSP 100MG/5ML 60ml
Respiratory & Allergy	bottle	Cetrizine (Oral Liquid) 5 mg/5ml Sol	Cetirizine (Oral Liquid) 5 mg/5ml Sol
Respiratory & Allergy	strip	Cetrizine 10mg	Cetirizine 10mg
Antibiotics & Antimicrobials	bottle	Chloramphenicol (CAP) AB 1.25% 5ml Suspension	Chloramphenicol (CAP) AB 1.25% 5ml Suspension
Antibiotics & Antimicrobials	strip	chlorhexidine gluconate 0.1%	chlorhexidine gluconate 0.1%
Dermatology & Skin Care	bottle	Clorhexidine Medicated Liquid Soap	chlorhexidine Medicated Liquid Soap
Antibiotics & Antimicrobials	strip	CLARITHROMYCIN 500mg tab	CLARITHROMYCIN 500mg
Respiratory & Allergy	bottle	libitough cough syrup	CHLORPHENIRAMINE+DEXTROMETHORPHAN & PHENYLEPHRINE SYRUP
Other	strip	Choice Oral Contraceptive Pills	Choice Oral Contraceptive Pills
Gastrointestinal Health	strip	Cimetidine 400mg	Cimetidine 400mg
Dermatology & Skin Care	tube	Clear Eye 0.5% 10ml Eye Drop	Ciprofloxacin
Antibiotics & Antimicrobials	tube	Zoxen 1.5ml Eye/Ear Drop	ciprofloxacin 0.3% AND DEXAMETHASON
Antibiotics & Antimicrobials	tube	cipro eye ear drop	CIPROFLOXACIN 0.3% EYE DROPS
Antibiotics & Antimicrobials	tube	CIPRO CON 0.3% EYE DROPS	ciprofloxacin 0.3% EYE DROPS
Antibiotics & Antimicrobials	tube	ciprofloxacin 0.3% AND DEXAMETHASON	ciprofloxacin 0.3% AND DEXAMETHASON
Antibiotics & Antimicrobials	pk	Ciflosin 500MG OF 10 TAB	CIPROFLOXACIN 500MG TAB
Antibiotics & Antimicrobials	bottle	clavulinic acid+ amoxicillin/156mg/5ml 100ml suspn	amoxicillin+ clavulanic acid
Antibiotics & Antimicrobials	bottle	clavulinic acid+ amoxicillin/228mg/5ml 100ml suspn	amoxicillin+ clavulanic acid
Antibiotics & Antimicrobials	bottle	clavulinic acid+ amoxicillin/312mg/5ml 100ml suspn	amoxicillin+ clavulanic acid
Antibiotics & Antimicrobials	bottle	clavulinic acid+ amoxicillin/457mg/5ml 100ml suspn	amoxicillin+ clavulanic acid
Antibiotics & Antimicrobials	tube	T3 Mycin Gel	Clindamycin Gel
Antibiotics & Antimicrobials	tube	T3 Mycin gel 25gm	Clindamycin 1%
Antibiotics & Antimicrobials	tube	T3 Mycin lotion 30ml	Clindamycin 1%
Dermatology & Skin Care	tube	Cutivate 20mg cream	Clobetasol 0.05 % Cream
Dermatology & Skin Care	tube	Cloderm Cream 15gm	Clobetasol Propionate
Other	strip	clomifene 50mg	clomifene 50mg
Cardiovascular & Blood Health	strip	Clopidogrel 75mg	Clopidogrel 75mg
Dermatology & Skin Care	tube	candiocort cream	clotrimazole + hydrocortisone cream
Dermatology & Skin Care	pk	clotrimazole 100 MG Vaginal insert of 6 tab	clotrimazole 100 MG Vaginal insert of 6 tab
Dermatology & Skin Care	tube	clotrimazole Cream 1%	Clotrimazole Cream 1%
Dermatology & Skin Care	tube	clotrimazole Topical Lotion	Clotrimazole Topical Lotion
Dermatology & Skin Care	tube	clotrisan Vaginal insert	Clotrimazole Vaginal Inserts
Antibiotics & Antimicrobials	bottle	Cloxacillin 125mg/ml 100ml	Cloxacillin 125mg/ml 100ml
Antibiotics & Antimicrobials	bottle	Cloxacillin Sodium 125mg/5ml	Cloxacillin Sodium
Antibiotics & Antimicrobials	strip	COTRIMOXAZOLE 240/5ML SUSP	COTRIMOXAZOLE 240/5ML SUSP
Antibiotics & Antimicrobials	strip	Trimol Cotrimoxazole 480mg epharm	Cotrimoxazole 480mg epharm
Antibiotics & Antimicrobials	strip	Trimol Cotrimoxazole 480MG TAB	Cotrimoxazole 480MG TAB
Diabetes & Endocrine Care	strip	Flozip-M ol	Dapagliflozin + Metformin
Respiratory & Allergy	strip	ARIA DES 2.5MG/5ML 150ML SYRUP	DESLORATADINE
Respiratory & Allergy	strip	Deslorat 5mg	DESLORATADINE
Other	pk	Hanna	Desogestrel
Antibiotics & Antimicrobials	ini	DEXAMETASON INJECTION 8MG/2ML	DEXAMETASON INJECTION 8MG/2ML
Dermatology & Skin Care	tube	DEXAMETASONE / ciprofloxacin	DEXAMETASONE / ciprofloxacin
Dermatology & Skin Care	ini	Dexamethasone 4mg/ml inj	Dexamethasone 4mg/ml inj
Dermatology & Skin Care	tube	Dexamethasone 0.1% 5ml Eye Drop	Dexamethasone 0.1% 5ml Eye Drop
Dermatology & Skin Care	tube	FLUORITE EYE DROP SOLN OF 5MLDE	DEXAMETHASONE PHOSPHATE 0.1% + ofloxacin 0.3%
Pain Relief & Anti-Inflammatories	tube	KETIVEL GEL 1.25% 60G	DEXKETOPROFEN TROMETAMOL
Dermatology & Skin Care	tube	Topalex Cream 0.025	Dexamethasone Pivalate
Respiratory & Allergy	bottle	EXEDEX 15MG/5ML SYRUP	DEXTROMETHORPHAN
Respiratory & Allergy	bottle	Dextromethorphan Cough Syrup	DEXTROMETHORPHAN
Diabetes & Endocrine Care	tube	Dexfour 40% 20ml	Dextrose 40% 20ml
Dermatology & Skin Care	tube	DIAPER RASH 50GM CREAM	DIAPER RASH 50GM CREAM
Pain Relief & Anti-Inflammatories	suppository	diclofenac 100mg suppository	diclofenac 100mg suppo
Pain Relief & Anti-Inflammatories	strip	diclofenac 50mg	diclofenac 50mg
Pain Relief & Anti-Inflammatories	strip	diclidol 75mg	diclofenac 75mg
Dermatology & Skin Care	strip	ALMIRAL 50mg Tab	DICLOFENAC DIETHYLAMINE 50
Pain Relief & Anti-Inflammatories	strip	diclofenac gel 30g	diclofenac gel 30g
Pain Relief & Anti-Inflammatories	tube	Voltarol Emulgel	diclofenac gel 30g
Pain Relief & Anti-Inflammatories	strip	Volvic K 50mg	Diclofenac Potassium
Pain Relief & Anti-Inflammatories	suppository	Diclosafe 100mg of 5 Supp	Diclofenac Sodium
Pain Relief & Anti-Inflammatories	tube	Voltaren GEL	diclofenac sodium
Dermatology & Skin Care	tube	relaxo eye ear drop	diclofenac sodium eye drop
Respiratory & Allergy	bottle	Koferyl SYRUP	Diphenhydramine
Other	strip	PRELAM DR 10/10	Doxylamine/Pyridoxine (Oral Pill) 10-10 mg DR T tab
Cardiovascular & Blood Health	strip	Korandil 5mg	Enalapril 5MG
Other	strip	energy multiit & mineral formula	energy multiit & mineral formula
Antibiotics & Antimicrobials	bottle	Erythrocin 125mg/5ml	Erythromycin 125mg/5ml
Antibiotics & Antimicrobials	strip	Erythromycin 250mg/5ml	Erythromycin 250mg/5ml
Antibiotics & Antimicrobials	strip	Erythromycin 500mg tab	Erythromycin 500mg tab
Gastrointestinal Health	strip	Esomepodan 20mg	Esomeprazole 20mg
Gastrointestinal Health	strip	Nexap 20mg	Esomeprazole 20MG
Other	bottle	FERMAX 150ML SYRUP	FERRIC (III) HYDROXIDE POLYMALTOSE 50MG/5ML
Other	strip	Ferrous Sulfate 325mg	Ferrous Sulfate 325mg
Other	bottle	scotts fish oil / 200ml	fish oil
Dermatology & Skin Care	strip	Fluconazole 100 mg Tab	Fluconazole 100 mg Tab
Dermatology & Skin Care	strip	Fluconazole 200 mg of 4 Tab	Fluconazole 200 mg of 4 Tab
Respiratory & Allergy	strip	Flixonase Nasal Spray	Fluticasone Furoate
Other	tube	Formalin 8% Soln, 150ml	Formalin 8% Soln, 150ml
Other	strip	Vitamin C 1000	Herbal and active ingredient
OPHTALMIC drug	tube	Bactigen eye drop	Gentamycine eye drop
OPHTALMIC drug	tube	Gentamycine eye drop	Gentamycine eye drop
Diabetes & Endocrine Care	strip	GL AP 2MG	Glimepiride 2mg
Diabetes & Endocrine Care	tube	GLUCOSE 40% INJ 20ML	GLUCOSE 40% INJ 20ML
Gastrointestinal Health	PK	glycerin Rectal Suppository	glycerin Rectal Suppository
Gastrointestinal Health	bottle	Gripp Heel oral drops	GRIPPE HEEL (LEMON LOZENGES
Gastrointestinal Health	bottle	Gripe Water	Gripe Water
Dermatology & Skin Care	strip	Griseofulvin 125Mg	Griseofulvin 125Mg
Dermatology & Skin Care	strip	Grisen 500mg	Griseofulvin 500mg
Dermatology & Skin Care	strip	Griseofulvin 500mg	Griseofulvin 5000mg
Antibiotics & Antimicrobials	bottle	grisefulvin oral suspension 125mg/5ml	grisefulvin oral suspension 125mg/5ml
Respiratory & Allergy	strip	CLONID 25	HCT 25MG
Other	bottle	Health-1 Fish Oil, 200ml	Health-1 Fish Oil, 200ml
Other	bottle	Healthy Option with multivitamin Fish Oil, 200ml	Healthy Option with multivitamin Fish Oil, 200ml
Cardiovascular & Blood Health	strip	hydrochlorothiazide 25 MG	hydrochlorothiazide 25 MG
Dermatology & Skin Care	tube	AKORTICONE ACETATE cream	HYDROCORTISONE ACETATE
Dermatology & Skin Care	tube	Hydrocortisone Ointment 15gm	Hydrocortisone Ointment 15gm
Dermatology & Skin Care	tube	hydrocortisone Topical cream	hydrocortisone Topical cream
Dermatology & Skin Care	strip	FEUDOLONE 4% CREAM 30GM	HYDROQUINONE 4%
Gastrointestinal Health	strip	Hycosine Hyoscine HCL BROMIDE tab	Hycosine Hyoscine HCL BROMIDE
Gastrointestinal Health	bottle	hyoscine syrup	Hyoscine syrup
Gastrointestinal Health	strip	Divadol 10 mg	Hyoscine10mg
Gastrointestinal Health	strip	Hakalil-Hyoscine10mg	Hyoscine10mg
Gastrointestinal Health	strip	Hyoscine 10mg tab	hyoscine 10mg tab
Pain Relief & Anti-Inflammatories	strip	IBUPEN CHILDRENS 100MG/5ML 100ML	IBUPROFEN
Pain Relief & Anti-Inflammatories	strip	Gofen 100mg/5ml	IBUPROFEN
Pain Relief & Anti-Inflammatories	bottle	Ibufen 100mg/5ml, 100ml Syrup	IBUPROFEN
Pain Relief & Anti-Inflammatories	bottle	Ibuprofen 100Mg/5ML Oral Susp. 100ML	IBUPROFEN
Pain Relief & Anti-Inflammatories	strip	Ibuprofen 600	IBUPROFEN
Pain Relief & Anti-Inflammatories	strip	IBUPROFEN 100MG/5ML	IBUPROFEN
Pain Relief & Anti-Inflammatories	strip	ibu plus syrup	Ibuprofen 100mg & paracetamol 125mg
Pain Relief & Anti-Inflammatories	bottle	Gofen plus	IBUPROFEN 100mg & paracetamol 125mg
Pain Relief & Anti-Inflammatories	strip	Golen 200mg	IBUPROFEN 200
Pain Relief & Anti-Inflammatories	strip	GOETEN 400MG	IBUPROFEN 400
Pain Relief & Anti-Inflammatories	strip	ibu plus Tablet	Ibuprofen 400mg & paracetamol 325mg
Pain Relief & Anti-Inflammatories	bottle	Ibuprofen/paracetamol 100MG/125ML	Ibuprofen/paracetamol 100mg/125ML
Antibiotics & Antimicrobials	suppository	Indocap 100mg suppository	Indomethacin 100mg suppo
Diabetes & Endocrine Care	tube	INSULATARD 100 LU/Ml 10Ml/VIAL	INSULATARD 100 LU/Ml 10Ml/VIAL
Other	strip	Feramax	Iron Supplement
Other	tin	IN FOL VIT B-6 500IU	IRON FUMARATE+VIT B6+VIT B12
Other	strip	Feromon Caps	Iron Folic acid(VITB12)
Dermatology & Skin Care	tube	Traleezole cream	ISOCONAZOL NITRATE & DIFLUCORTOLONE VALERATE
Other	bottle	DEFEND SCALP drops ORAL DROPS	Insect repellent for lice
Dermatology & Skin Care	tube	Ketoconazole 2% Shampoo, 100ml	Ketoconazole 2% Shampoo, 100ml
Dermatology & Skin Care	tube	Ketoconazole 2% Shampoo, 50ml	Ketoconazole 2% Shampoo, 50ml
Dermatology & Skin Care	tube	Ketoconazole topical Cream	Ketoconazole topical Cream
Dermatology & Skin Care	bottle	cancax shampoo	ketoconazole shampoo
Pain Relief & Anti-Inflammatories	strip	ketoprofen	ketoprofen
Respiratory & Allergy	strip	LORIDINE 5mg/5ml	Loratidine Syrup 5mg/5ml
Respiratory & Allergy	strip	LORIDINE 50mg	Loratidine 50mg
Pain Relief & Anti-Inflammatories	inj	Lidocaine 10 mg/ml Injection 2 ml	Lidocaine 10 mg/ml Injection 2 ml
Pain Relief & Anti-Inflammatories	inj	Lidocaine / Adrenaline inj	Lidocaine / Adrenaline inj
Pain Relief & Anti-Inflammatories	inj	Lidocaine inj 1%	lidocaine inj 1%
Gastrointestinal Health	strip	Simethicone Oral Gel (Oral Liquid) 125 mg/5ml Susp	Simethicone (Oral Liquid) 125 mg/5ml Susp
Antibiotics & Antimicrobials	bottle	Sulfamethoxazole + Trimethoprim 480mg 100ML	Sulfamethoxazole + Trimethoprim
Dermatology & Skin Care	tube	Sulphur Ointment 10% 50gm	Sulphur Ointment 10% 50gm
Pain Relief & Anti-Inflammatories	strip	Sumatriptan 50mg	Sumatriptan 50mg
Pain Relief & Anti-Inflammatories	strip	Sumatriptan 100mg	Sumatriptan 100mg
Dermatology & Skin Care	tube	Acnotin 30g Cream	Tretinoin
Dermatology & Skin Care	tube	Tretinoin (Topical) 0.05% Cream	Cream 30gm
Dermatology & Skin Care	tube	Acnotin 0.025% crme	Tretinoin 0.025% cream
Dermatology & Skin Care	tube	augia cream 0.5%	tretinoin 0.5%
Dermatology & Skin Care	tube	acitin 0.025% crme	Tretinoin 0.025% cream
Dermatology & Skin Care	tube	TTC 1%	TTC 1%
Other	ampoule	Vitamin B12 (1ml) Inj	Vitamin B12 (1ml) Inj
Other	strip	Salubus Met	Vildagliptin + Metformin
OPHTALMIC drug	tube	VISOMER-P EYE drop	VISOMER-P EYE drop
Other	bottle	Vitdroo Oral Drop 15ml	Vit D 2800IU/ml
Other	tin	Prenatal Soft gel caps of 150 nature made	VIT-MINERAL+OMEGA 3
Other	strip	Neuroscit	vitamin B 1&6 B12
Other	Sachets	VITAMIN C Sachet	VITAMIN C
Other	bottle	effervescent (VITAMIN C + ZINC) EFFERVESCENT (VITAMIN C + ZINC) EFFERVESCENT OF 20	VITAMIN C + zinc
Other	strip	c boost	VITAMIN C + zinc
Other	tin	VITAMIN D3 50000IU	vitamin d3 50000iu
Other	tablet	d3 colefor 50000	vitamin d3 50000iu
Other	tablet	NAT D3	vitamin d3 50000IU
Other	tablet	vitamin d3 50000iu	vitamin d3 50000iu
Other	bottle	Kidovit D Drops 30ml	Vitamin D3 800IU
Other	bottle	vitamin d3 800iu/ml	Pasta 800iu/ml
Other	strip	VITAMIN C 400mg	VITAMIN C 400mg
Other	strip	VOLTAREN 75mg tab	voltaren 75mg
Dermatology & Skin Care	strip	ESCORT 25mg	ESCORT 25mg
Dermatology & Skin Care	strip	Warlarin 5mg	warfarin 5mg
Respiratory & Allergy	tube	nasal 0.05% vial	XYLOMETAZOLINE 0.05%
Respiratory & Allergy	tube	XYLOMETAZOLINE 0.1% NASAL DROPS 10 ML	XYLOMETAZOLINE 0.1% NASAL DROPS 10 ML
Respiratory & Allergy	bottle	Skytrivin Nasal Drops 0.05%	Xylometazoline
Respiratory & Allergy	bottle	Skytrivin NASAL DROPS 0.05%	Xylometazoline
Dermatology & Skin Care	strip	Zinc Oxide Cream	Zinc Oxide cream
Other	strip	zinc tables	zinc tables
SUPPLEMENTS	tin	CALCIVITA FORTICE OF CAP	CALCIUM 1G
